"","1","2","3","class.error","tab"
"1",1142,17,1,0.0155172413793103,"rf1"
"2",47,164,2,0.230046948356808,"rf1"
"3",6,11,105,0.139344262295082,"rf1"
