"","mtry","OOBError"
"2.OOB",2,0.0682274247491639
"4.OOB",4,0.0555183946488294
"8.OOB",8,0.0521739130434783
"16.OOB",16,0.0555183946488294
